email,first_name,last_name,gender,age,phone,address,lat,lon,supporter_type,effort_hours,events_attended,referral_count,education,skills
tekla.tsiklauri0@gmail.com,Tekla,Tsiklauri,Other,41,995588091490,"Freedom Square 53, Tbilisi, Georgia",41.695175515791,44.801720745465,Supporter,88,10,4,Master,"Digital, Fundraising, Training"
ana.kapanadze1@gmail.com,Ana,Kapanadze,Male,70,995520138276,"Chavchavadze Ave 20, Tbilisi, Georgia",41.710014885254,44.754987079522,Member,128,20,9,Master,"Data, Logistics"
zura.lomidze2@gmail.com,Zura,Lomidze,Female,50,995584742242,"Chavchavadze Ave 109, Tbilisi, Georgia",41.71035020338,44.75381766969,Member,229,26,13,Bachelor,"Digital, Organizing"
luka.lomidze3@gmail.com,Luka,Lomidze,Other,28,995520620062,"Agmashenebeli Ave 105, Tbilisi, Georgia",41.722165041391,44.803560204986,Member,84,8,2,Master,"Canvassing, Data, Organizing"
tako.lomidze4@gmail.com,Tako,Lomidze,Male,49,995522542165,"Agmashenebeli Ave 95, Tbilisi, Georgia",41.722055803032,44.8069099348,Member,82,10,5,High School,"Canvassing, Fundraising, Organizing"
zura.beridze5@gmail.com,Zura,Beridze,Female,37,995566417835,"Marjanishvili St 50, Tbilisi, Georgia",41.716441876303,44.800668916339,Supporter,26,6,0,High School,"Fundraising, Logistics, Organizing"
levan.beridze6@gmail.com,Levan,Beridze,Female,34,995538009942,"Rustaveli Ave 54, Tbilisi, Georgia",41.6986655239,44.800169920343,Supporter,38,6,2,High School,"Digital, Logistics, Organizing"
tekla.beridze7@gmail.com,Tekla,Beridze,Male,32,995545405773,"Abashidze St 97, Tbilisi, Georgia",41.709430359396,44.755240446441,Supporter,81,8,3,PhD,Canvassing
luka.beridze8@gmail.com,Luka,Beridze,Male,19,995549041328,"Freedom Square 45, Tbilisi, Georgia",41.69470176479,44.800878759589,Member,175,25,11,PhD,"Canvassing, Operations, Organizing"
tako.japaridze9@gmail.com,Tako,Japaridze,Female,19,995587755189,"Rustaveli Ave 94, Tbilisi, Georgia",41.699726539904,44.799480060918,Supporter,107,16,7,High School,"Logistics, Training"
tekla.lomidze10@gmail.com,Tekla,Lomidze,Female,27,995590945732,"Vake Park Area 56, Tbilisi, Georgia",41.707448778741,44.741120242186,Member,65,9,5,Master,Operations
irakli.mchedlishvili11@gmail.com,Irakli,Mchedlishvili,Other,42,995595783498,"Abashidze St 49, Tbilisi, Georgia",41.709826633392,44.753513709232,Supporter,62,6,3,Master,"Digital, Organizing"
tekla.kiknadze12@gmail.com,Tekla,Kiknadze,Male,34,995530854641,"Vake Park Area 76, Tbilisi, Georgia",41.709851768587,44.741490355358,Member,72,8,6,High School,"Canvassing, Organizing"
zura.mchedlishvili13@gmail.com,Zura,Mchedlishvili,Female,56,995573357726,"Marjanishvili St 117, Tbilisi, Georgia",41.716728168067,44.803548307134,Supporter,171,32,13,High School,"Digital, Fundraising, Training"
giorgi.beridze14@gmail.com,Giorgi,Beridze,Other,60,995519022607,"Kazbegi Ave 70, Tbilisi, Georgia",41.724677376941,44.765740166665,Supporter,56,4,5,High School,Organizing
levan.kiknadze15@gmail.com,Levan,Kiknadze,Male,56,995544256013,"Agmashenebeli Ave 79, Tbilisi, Georgia",41.72002209328,44.805600424103,Member,58,8,8,Bachelor,"Operations, Organizing"
salome.ashordia16@gmail.com,Salome,Ashordia,Male,64,995527339468,"Kazbegi Ave 75, Tbilisi, Georgia",41.722953517808,44.764639580821,Supporter,99,9,11,Bachelor,Training
salome.gelashvili17@gmail.com,Salome,Gelashvili,Female,26,995589020716,"Guramishvili Ave 12, Tbilisi, Georgia",41.738726931695,44.780714207074,Supporter,199,19,14,Master,"Fundraising, Training"
mariam.beridze18@gmail.com,Mariam,Beridze,Male,24,995540353250,"Marjanishvili St 119, Tbilisi, Georgia",41.716410695415,44.802134124887,Supporter,171,21,13,Bachelor,"Logistics, Organizing, Training"
salome.kapanadze19@gmail.com,Salome,Kapanadze,Male,41,995550309009,"Marjanishvili St 112, Tbilisi, Georgia",41.716942755959,44.803704448116,Supporter,137,16,10,Master,"Data, Fundraising, Organizing"
irakli.japaridze20@gmail.com,Irakli,Japaridze,Male,40,995554739447,"Pekini Ave 99, Tbilisi, Georgia",41.724690983855,44.777598524288,Supporter,13,3,3,Bachelor,Canvassing
luka.chikovani21@gmail.com,Luka,Chikovani,Male,43,995525884993,"Abashidze St 39, Tbilisi, Georgia",41.709413269162,44.754018039981,Supporter,167,24,12,Master,"Canvassing, Data, Operations"
tekla.beridze22@gmail.com,Tekla,Beridze,Male,26,995557257701,"Freedom Square 5, Tbilisi, Georgia",41.693635828505,44.801200595254,Member,72,11,0,Bachelor,Digital
levan.ashordia23@gmail.com,Levan,Ashordia,Female,31,995552091550,"Marjanishvili St 64, Tbilisi, Georgia",41.714935694093,44.801983982111,Supporter,106,12,9,Master,"Data, Organizing"
salome.kapanadze24@gmail.com,Salome,Kapanadze,Male,42,995510578008,"Chavchavadze Ave 30, Tbilisi, Georgia",41.711283815837,44.754244810426,Member,58,13,3,Master,"Digital, Fundraising"
tako.lomidze25@gmail.com,Tako,Lomidze,Female,38,995543583581,"Chavchavadze Ave 67, Tbilisi, Georgia",41.711474830854,44.754245535203,Member,88,8,5,Bachelor,Data
giorgi.japaridze26@gmail.com,Giorgi,Japaridze,Female,26,995595658175,"Agmashenebeli Ave 116, Tbilisi, Georgia",41.722684032317,44.805923819136,Supporter,98,14,7,Bachelor,Organizing
tako.lomidze27@gmail.com,Tako,Lomidze,Female,63,995530467581,"Freedom Square 28, Tbilisi, Georgia",41.692691372314,44.799900224714,Supporter,78,6,8,Master,"Data, Operations, Organizing"
salome.kiknadze28@gmail.com,Salome,Kiknadze,Male,34,995514719233,"Marjanishvili St 79, Tbilisi, Georgia",41.715973373189,44.803243258658,Supporter,95,17,7,PhD,"Data, Training"
nino.kiknadze29@gmail.com,Nino,Kiknadze,Male,33,995511776477,"Abashidze St 31, Tbilisi, Georgia",41.710425317434,44.754446081886,Member,93,9,7,High School,"Data, Logistics, Organizing"
zura.beridze30@gmail.com,Zura,Beridze,Male,37,995517859649,"Freedom Square 89, Tbilisi, Georgia",41.694905365618,44.803285026695,Supporter,117,15,10,PhD,"Operations, Organizing"
davit.ashordia31@gmail.com,Davit,Ashordia,Male,21,995563740359,"Pekini Ave 113, Tbilisi, Georgia",41.725411263239,44.779352098357,Supporter,112,15,8,Master,"Digital, Fundraising, Training"
ana.chikovani32@gmail.com,Ana,Chikovani,Male,52,995586695534,"Guramishvili Ave 26, Tbilisi, Georgia",41.741075793905,44.781355894098,Supporter,83,13,9,High School,"Digital, Operations, Training"
luka.ashordia33@gmail.com,Luka,Ashordia,Female,39,995541269115,"Guramishvili Ave 116, Tbilisi, Georgia",41.740637464351,44.783485282342,Member,103,12,9,Bachelor,"Digital, Logistics, Organizing"
tako.lomidze34@gmail.com,Tako,Lomidze,Female,29,995573091239,"Guramishvili Ave 76, Tbilisi, Georgia",41.740920929692,44.783903849437,Supporter,104,10,7,Master,Logistics
ana.ashordia35@gmail.com,Ana,Ashordia,Other,39,995554349889,"Marjanishvili St 66, Tbilisi, Georgia",41.715323084614,44.803669076269,Supporter,12,0,2,High School,Fundraising
tako.tsiklauri36@gmail.com,Tako,Tsiklauri,Female,21,995574714564,"Kazbegi Ave 57, Tbilisi, Georgia",41.724915770199,44.765204821386,Supporter,42,5,4,PhD,Operations
nino.gelashvili37@gmail.com,Nino,Gelashvili,Female,40,995575713020,"Rustaveli Ave 91, Tbilisi, Georgia",41.698939589567,44.802397680791,Supporter,28,5,2,Bachelor,"Operations, Organizing, Training"
tekla.lomidze38@gmail.com,Tekla,Lomidze,Male,54,995530503389,"Agmashenebeli Ave 109, Tbilisi, Georgia",41.721139891541,44.805006322218,Member,172,23,13,PhD,"Canvassing, Operations"
davit.beridze39@gmail.com,Davit,Beridze,Male,29,995571989855,"Abashidze St 31, Tbilisi, Georgia",41.708890755061,44.753954402129,Member,135,20,6,Bachelor,"Digital, Fundraising, Organizing"
mariam.mchedlishvili40@gmail.com,Mariam,Mchedlishvili,Male,35,995570048752,"Pekini Ave 67, Tbilisi, Georgia",41.726065814542,44.776341015339,Supporter,118,13,7,PhD,"Data, Logistics"
mariam.kiknadze41@gmail.com,Mariam,Kiknadze,Male,63,995598999022,"Vake Park Area 78, Tbilisi, Georgia",41.710351430358,44.743595098734,Supporter,93,9,7,High School,"Canvassing, Operations"
giorgi.kapanadze42@gmail.com,Giorgi,Kapanadze,Male,32,995593460676,"Chavchavadze Ave 70, Tbilisi, Georgia",41.710373039935,44.756107608565,Member,138,11,12,Master,"Canvassing, Organizing"
mariam.beridze43@gmail.com,Mariam,Beridze,Male,21,995543971827,"Guramishvili Ave 20, Tbilisi, Georgia",41.741310440861,44.781892637492,Supporter,163,17,14,High School,"Logistics, Operations"
tako.kapanadze44@gmail.com,Tako,Kapanadze,Female,28,995540848578,"Chavchavadze Ave 40, Tbilisi, Georgia",41.709369634822,44.753816514634,Supporter,144,18,13,Master,"Fundraising, Logistics"
tekla.tsiklauri45@gmail.com,Tekla,Tsiklauri,Male,48,995545015739,"Agmashenebeli Ave 27, Tbilisi, Georgia",41.721699642892,44.805801676699,Member,88,15,7,High School,"Data, Fundraising"
luka.mchedlishvili46@gmail.com,Luka,Mchedlishvili,Female,19,995590809733,"Abashidze St 59, Tbilisi, Georgia",41.707599001515,44.754526946515,Supporter,52,9,2,Master,"Data, Fundraising, Operations"
irakli.mchedlishvili47@gmail.com,Irakli,Mchedlishvili,Male,34,995536854994,"Rustaveli Ave 98, Tbilisi, Georgia",41.698814390033,44.801843552884,Supporter,86,9,3,PhD,Canvassing
salome.lomidze48@gmail.com,Salome,Lomidze,Male,60,995591522594,"Agmashenebeli Ave 33, Tbilisi, Georgia",41.719943992477,44.804505203178,Member,108,11,9,Master,"Digital, Logistics"
luka.tsiklauri49@gmail.com,Luka,Tsiklauri,Female,37,995535190705,"Freedom Square 61, Tbilisi, Georgia",41.692613159624,44.801081181076,Supporter,174,22,11,Master,Training
ana.chikovani50@gmail.com,Ana,Chikovani,Female,19,995570837663,"Rustaveli Ave 67, Tbilisi, Georgia",41.69837749378,44.800150404721,Member,169,22,15,Bachelor,Operations
ana.kapanadze51@gmail.com,Ana,Kapanadze,Male,59,995587040085,"Guramishvili Ave 22, Tbilisi, Georgia",41.73999793316,44.783274824823,Supporter,64,10,5,High School,"Data, Fundraising"
levan.lomidze52@gmail.com,Levan,Lomidze,Other,23,995514510459,"Agmashenebeli Ave 79, Tbilisi, Georgia",41.721145974938,44.806343496769,Member,123,13,7,Master,"Digital, Training"
tako.chikovani53@gmail.com,Tako,Chikovani,Female,34,995518301620,"Vake Park Area 10, Tbilisi, Georgia",41.708809085294,44.741063691778,Member,80,5,6,Bachelor,"Fundraising, Operations"
tekla.tsiklauri54@gmail.com,Tekla,Tsiklauri,Female,54,995597339678,"Abashidze St 33, Tbilisi, Georgia",41.70779121048,44.754390702646,Member,129,15,12,Bachelor,"Digital, Operations"
mariam.japaridze55@gmail.com,Mariam,Japaridze,Female,20,995582380148,"Chavchavadze Ave 39, Tbilisi, Georgia",41.708385334913,44.753815873036,Member,16,0,2,PhD,Canvassing
levan.japaridze56@gmail.com,Levan,Japaridze,Male,51,995557395590,"Pekini Ave 15, Tbilisi, Georgia",41.727672292907,44.779335000398,Supporter,104,14,9,Bachelor,"Canvassing, Operations"
davit.chikovani57@gmail.com,Davit,Chikovani,Female,51,995572312820,"Guramishvili Ave 95, Tbilisi, Georgia",41.740145594185,44.782656981905,Member,114,13,9,Bachelor,"Fundraising, Logistics, Training"
luka.chikovani58@gmail.com,Luka,Chikovani,Female,52,995586931286,"Agmashenebeli Ave 36, Tbilisi, Georgia",41.720033997679,44.804334702954,Supporter,118,15,5,High School,"Canvassing, Digital, Logistics"
zura.ashordia59@gmail.com,Zura,Ashordia,Male,47,995530243208,"Rustaveli Ave 71, Tbilisi, Georgia",41.698666820241,44.800879919278,Supporter,71,4,4,Bachelor,"Canvassing, Training"
ana.mchedlishvili60@gmail.com,Ana,Mchedlishvili,Male,36,995597711292,"Guramishvili Ave 14, Tbilisi, Georgia",41.739093125059,44.780797187001,Supporter,34,7,3,Master,"Fundraising, Logistics, Organizing"
ana.mchedlishvili61@gmail.com,Ana,Mchedlishvili,Female,41,995565469337,"Freedom Square 62, Tbilisi, Georgia",41.692096056572,44.802064285848,Member,120,13,8,PhD,"Fundraising, Logistics"
tako.tsiklauri62@gmail.com,Tako,Tsiklauri,Male,47,995548837889,"Agmashenebeli Ave 57, Tbilisi, Georgia",41.721814444539,44.806679540943,Member,31,0,2,Bachelor,Logistics
nino.lomidze63@gmail.com,Nino,Lomidze,Other,56,995571023995,"Freedom Square 79, Tbilisi, Georgia",41.692660080008,44.801570316917,Supporter,146,23,13,PhD,"Canvassing, Fundraising"
giorgi.mchedlishvili64@gmail.com,Giorgi,Mchedlishvili,Female,44,995560783780,"Pekini Ave 73, Tbilisi, Georgia",41.726631383911,44.777400131952,Supporter,63,3,5,Bachelor,"Canvassing, Fundraising"
tako.lomidze65@gmail.com,Tako,Lomidze,Male,61,995543382481,"Agmashenebeli Ave 5, Tbilisi, Georgia",41.720156591424,44.805835160006,Supporter,156,21,12,Bachelor,"Data, Fundraising, Training"
tekla.lomidze66@gmail.com,Tekla,Lomidze,Female,24,995529763708,"Pekini Ave 63, Tbilisi, Georgia",41.725253535187,44.779536779368,Member,110,8,5,Bachelor,Operations
tekla.kapanadze67@gmail.com,Tekla,Kapanadze,Other,37,995518179111,"Abashidze St 10, Tbilisi, Georgia",41.708689622142,44.753755236021,Supporter,164,20,13,Master,"Canvassing, Data"
giorgi.gelashvili68@gmail.com,Giorgi,Gelashvili,Male,69,995540340834,"Chavchavadze Ave 39, Tbilisi, Georgia",41.708681272803,44.753930810653,Member,56,13,4,Bachelor,Digital
luka.mchedlishvili69@gmail.com,Luka,Mchedlishvili,Male,45,995596371976,"Pekini Ave 30, Tbilisi, Georgia",41.725302721704,44.779629045932,Supporter,53,7,2,High School,"Organizing, Training"
salome.ashordia70@gmail.com,Salome,Ashordia,Male,28,995559008562,"Kazbegi Ave 82, Tbilisi, Georgia",41.725851617043,44.762576583606,Supporter,150,24,12,Bachelor,Canvassing
luka.mchedlishvili71@gmail.com,Luka,Mchedlishvili,Other,50,995573607653,"Chavchavadze Ave 44, Tbilisi, Georgia",41.711026530043,44.755440321743,Member,106,14,10,Bachelor,Data
tekla.chikovani72@gmail.com,Tekla,Chikovani,Female,62,995552487380,"Freedom Square 9, Tbilisi, Georgia",41.695024713743,44.803220291211,Supporter,52,5,3,Master,"Data, Digital, Logistics"
tako.lomidze73@gmail.com,Tako,Lomidze,Female,46,995573923664,"Vake Park Area 27, Tbilisi, Georgia",41.707760866716,44.74325075373,Supporter,172,19,15,Bachelor,"Canvassing, Digital, Fundraising"
giorgi.chikovani74@gmail.com,Giorgi,Chikovani,Male,44,995568187677,"Rustaveli Ave 13, Tbilisi, Georgia",41.696786980665,44.802510885475,Supporter,3,1,0,High School,"Data, Operations, Organizing"
ana.lomidze75@gmail.com,Ana,Lomidze,Female,53,995538204840,"Vake Park Area 60, Tbilisi, Georgia",41.709343626585,44.74286557165,Supporter,79,8,6,Master,"Fundraising, Logistics"
nino.gelashvili76@gmail.com,Nino,Gelashvili,Female,69,995576491164,"Pekini Ave 55, Tbilisi, Georgia",41.725120982866,44.777977718728,Supporter,97,12,11,Bachelor,"Data, Operations, Training"
salome.japaridze77@gmail.com,Salome,Japaridze,Male,54,995538846799,"Vake Park Area 28, Tbilisi, Georgia",41.708192841313,44.743006264003,Supporter,108,8,9,High School,"Canvassing, Digital"
giorgi.lomidze78@gmail.com,Giorgi,Lomidze,Female,57,995580792855,"Kazbegi Ave 109, Tbilisi, Georgia",41.724640977814,44.765084672342,Supporter,159,21,14,High School,Fundraising
luka.mchedlishvili79@gmail.com,Luka,Mchedlishvili,Other,38,995559213061,"Pekini Ave 92, Tbilisi, Georgia",41.724337816062,44.777721077485,Member,98,15,3,Master,"Organizing, Training"
levan.gelashvili80@gmail.com,Levan,Gelashvili,Female,44,995546820710,"Rustaveli Ave 92, Tbilisi, Georgia",41.700125907297,44.801418972067,Supporter,136,12,12,Bachelor,"Canvassing, Organizing"
nino.kapanadze81@gmail.com,Nino,Kapanadze,Male,44,995598928203,"Vake Park Area 114, Tbilisi, Georgia",41.709866902301,44.742046588005,Supporter,66,6,4,Master,Operations
ana.beridze82@gmail.com,Ana,Beridze,Male,34,995546228710,"Abashidze St 29, Tbilisi, Georgia",41.709438273486,44.756865501044,Supporter,13,1,2,PhD,"Logistics, Operations"
luka.japaridze83@gmail.com,Luka,Japaridze,Female,49,995543368041,"Chavchavadze Ave 94, Tbilisi, Georgia",41.710943811807,44.754899905348,Supporter,148,20,7,High School,"Canvassing, Digital, Operations"
giorgi.beridze84@gmail.com,Giorgi,Beridze,Male,54,995513336135,"Kazbegi Ave 57, Tbilisi, Georgia",41.723166085243,44.764538924594,Supporter,60,1,5,Master,"Data, Digital"
luka.tsiklauri85@gmail.com,Luka,Tsiklauri,Male,65,995566959821,"Kazbegi Ave 32, Tbilisi, Georgia",41.723643567368,44.764425553179,Supporter,129,12,11,High School,"Digital, Fundraising, Operations"
nino.kapanadze86@gmail.com,Nino,Kapanadze,Female,43,995516169126,"Guramishvili Ave 100, Tbilisi, Georgia",41.740950704602,44.782385451435,Supporter,158,22,13,PhD,"Canvassing, Training"
irakli.ashordia87@gmail.com,Irakli,Ashordia,Male,57,995572908860,"Freedom Square 3, Tbilisi, Georgia",41.693939765951,44.801610406897,Supporter,101,7,10,Bachelor,Operations
mariam.japaridze88@gmail.com,Mariam,Japaridze,Male,58,995529771824,"Rustaveli Ave 94, Tbilisi, Georgia",41.699014601432,44.801554052931,Member,74,11,9,High School,"Operations, Training"
salome.ashordia89@gmail.com,Salome,Ashordia,Female,49,995533585093,"Marjanishvili St 104, Tbilisi, Georgia",41.717039679408,44.80154758264,Member,149,16,11,Master,"Logistics, Training"
davit.japaridze90@gmail.com,Davit,Japaridze,Female,50,995523933066,"Pekini Ave 113, Tbilisi, Georgia",41.72773267335,44.777171519837,Member,21,0,1,Bachelor,"Data, Operations"
ana.lomidze91@gmail.com,Ana,Lomidze,Male,48,995520046662,"Pekini Ave 24, Tbilisi, Georgia",41.727751455611,44.778358958729,Supporter,95,7,8,Master,"Logistics, Training"
levan.beridze92@gmail.com,Levan,Beridze,Other,33,995530051024,"Guramishvili Ave 3, Tbilisi, Georgia",41.741524281248,44.783213609264,Supporter,118,21,7,Master,"Data, Digital"
mariam.lomidze93@gmail.com,Mariam,Lomidze,Male,34,995519543024,"Freedom Square 104, Tbilisi, Georgia",41.693784095026,44.801688065354,Supporter,38,1,5,Master,"Logistics, Organizing"
giorgi.mchedlishvili94@gmail.com,Giorgi,Mchedlishvili,Male,18,995589113628,"Guramishvili Ave 91, Tbilisi, Georgia",41.741466554082,44.784011757601,Member,157,22,10,Bachelor,"Logistics, Operations, Training"
nino.chikovani95@gmail.com,Nino,Chikovani,Female,29,995531920295,"Chavchavadze Ave 98, Tbilisi, Georgia",41.711107867948,44.754933028776,Member,112,16,9,Bachelor,"Logistics, Training"
nino.kiknadze96@gmail.com,Nino,Kiknadze,Other,64,995576544339,"Pekini Ave 113, Tbilisi, Georgia",41.725555012793,44.776997539647,Supporter,55,10,3,Bachelor,"Canvassing, Digital, Fundraising"
irakli.kapanadze97@gmail.com,Irakli,Kapanadze,Female,64,995557643871,"Kazbegi Ave 114, Tbilisi, Georgia",41.726182324612,44.764313328458,Member,186,21,14,Bachelor,Canvassing
tako.beridze98@gmail.com,Tako,Beridze,Female,50,995578684378,"Vake Park Area 51, Tbilisi, Georgia",41.708259201599,44.742600579113,Member,212,27,15,PhD,Training
tekla.kiknadze99@gmail.com,Tekla,Kiknadze,Male,62,995598781326,"Kazbegi Ave 55, Tbilisi, Georgia",41.72418045637,44.762482681766,Supporter,104,12,7,Master,Digital
salome.japaridze100@gmail.com,Salome,Japaridze,Female,44,995561449083,"Rustaveli Ave 17, Tbilisi, Georgia",41.700281055164,44.799323765587,Supporter,79,12,6,High School,Logistics
tekla.japaridze101@gmail.com,Tekla,Japaridze,Male,43,995536717100,"Freedom Square 11, Tbilisi, Georgia",41.692340375525,44.800674744478,Supporter,86,8,7,Bachelor,"Digital, Organizing"
irakli.lomidze102@gmail.com,Irakli,Lomidze,Female,23,995554252911,"Kazbegi Ave 81, Tbilisi, Georgia",41.726136336725,44.76552461585,Supporter,100,6,8,High School,"Data, Fundraising, Operations"
zura.ashordia103@gmail.com,Zura,Ashordia,Male,68,995513844776,"Agmashenebeli Ave 10, Tbilisi, Georgia",41.720017664883,44.804706935401,Member,123,18,8,Bachelor,"Canvassing, Training"
nino.mchedlishvili104@gmail.com,Nino,Mchedlishvili,Female,38,995538795377,"Kazbegi Ave 113, Tbilisi, Georgia",41.723166623531,44.762331853268,Supporter,125,18,9,Bachelor,"Canvassing, Data, Organizing"
mariam.gelashvili105@gmail.com,Mariam,Gelashvili,Female,69,995553036154,"Kazbegi Ave 3, Tbilisi, Georgia",41.724933352638,44.765609631127,Member,220,31,13,High School,"Canvassing, Fundraising"
tekla.tsiklauri106@gmail.com,Tekla,Tsiklauri,Female,35,995587568805,"Pekini Ave 113, Tbilisi, Georgia",41.725385423146,44.778661991819,Member,162,24,13,PhD,"Fundraising, Logistics"
davit.beridze107@gmail.com,Davit,Beridze,Female,23,995525680585,"Rustaveli Ave 70, Tbilisi, Georgia",41.700140406559,44.800700020501,Supporter,118,16,4,PhD,"Fundraising, Logistics, Training"
mariam.lomidze108@gmail.com,Mariam,Lomidze,Female,47,995581495594,"Guramishvili Ave 81, Tbilisi, Georgia",41.73879416037,44.782388297229,Supporter,54,5,0,Bachelor,Training
zura.kapanadze109@gmail.com,Zura,Kapanadze,Male,39,995576726183,"Pekini Ave 99, Tbilisi, Georgia",41.727827773787,44.778481212869,Supporter,77,13,6,Bachelor,"Canvassing, Operations, Training"
tako.tsiklauri110@gmail.com,Tako,Tsiklauri,Male,53,995548454414,"Rustaveli Ave 26, Tbilisi, Georgia",41.697852646226,44.8025565956,Member,88,9,6,High School,"Digital, Fundraising, Logistics"
luka.kiknadze111@gmail.com,Luka,Kiknadze,Male,50,995552312656,"Guramishvili Ave 51, Tbilisi, Georgia",41.741373525914,44.784042699394,Supporter,163,19,15,Bachelor,"Fundraising, Organizing, Training"
salome.beridze112@gmail.com,Salome,Beridze,Other,18,995584112235,"Rustaveli Ave 22, Tbilisi, Georgia",41.698458912272,44.799772495743,Supporter,60,11,4,High School,"Data, Training"
salome.kiknadze113@gmail.com,Salome,Kiknadze,Male,45,995582393833,"Chavchavadze Ave 25, Tbilisi, Georgia",41.709745035736,44.753356127417,Member,181,22,14,High School,"Data, Organizing"
luka.gelashvili114@gmail.com,Luka,Gelashvili,Female,24,995560162808,"Pekini Ave 66, Tbilisi, Georgia",41.726417312218,44.777440284469,Member,183,22,16,Bachelor,"Canvassing, Operations, Training"
zura.lomidze115@gmail.com,Zura,Lomidze,Female,54,995568400174,"Pekini Ave 100, Tbilisi, Georgia",41.726454234739,44.777192817429,Supporter,200,21,15,Master,"Operations, Organizing"
luka.kiknadze116@gmail.com,Luka,Kiknadze,Other,49,995552695718,"Vake Park Area 26, Tbilisi, Georgia",41.707441213083,44.740961238701,Member,154,18,13,High School,"Data, Fundraising"
zura.chikovani117@gmail.com,Zura,Chikovani,Other,29,995575648850,"Agmashenebeli Ave 100, Tbilisi, Georgia",41.720972179185,44.80563483908,Member,74,8,4,High School,"Fundraising, Organizing"
nino.kapanadze118@gmail.com,Nino,Kapanadze,Female,37,995556676370,"Guramishvili Ave 56, Tbilisi, Georgia",41.738661452997,44.782424762386,Supporter,195,18,17,Master,Data
mariam.japaridze119@gmail.com,Mariam,Japaridze,Male,29,995587821675,"Marjanishvili St 49, Tbilisi, Georgia",41.714853020586,44.801698925965,Supporter,197,31,15,Bachelor,"Fundraising, Training"
zura.japaridze120@gmail.com,Zura,Japaridze,Other,33,995524115246,"Agmashenebeli Ave 74, Tbilisi, Georgia",41.721996270291,44.804212992338,Supporter,204,29,15,Master,Training
davit.tsiklauri121@gmail.com,Davit,Tsiklauri,Other,44,995568903344,"Marjanishvili St 118, Tbilisi, Georgia",41.715024531677,44.800461334125,Supporter,54,5,2,Master,"Data, Digital"
levan.mchedlishvili122@gmail.com,Levan,Mchedlishvili,Male,59,995529007619,"Marjanishvili St 78, Tbilisi, Georgia",41.71583382707,44.800548632615,Supporter,152,18,9,Bachelor,"Canvassing, Operations"
nino.mchedlishvili123@gmail.com,Nino,Mchedlishvili,Male,65,995546817360,"Guramishvili Ave 72, Tbilisi, Georgia",41.740025155607,44.783501549114,Supporter,51,11,0,Master,Organizing
davit.tsiklauri124@gmail.com,Davit,Tsiklauri,Male,69,995537854949,"Guramishvili Ave 39, Tbilisi, Georgia",41.741026335499,44.783204664754,Member,109,8,11,Bachelor,"Digital, Operations, Organizing"
zura.ashordia125@gmail.com,Zura,Ashordia,Male,39,995562373735,"Kazbegi Ave 68, Tbilisi, Georgia",41.723234377018,44.762327177058,Supporter,85,15,8,High School,"Data, Training"
nino.kiknadze126@gmail.com,Nino,Kiknadze,Male,33,995552263608,"Agmashenebeli Ave 90, Tbilisi, Georgia",41.721403372701,44.806761360485,Member,80,5,7,Bachelor,Training
zura.tsiklauri127@gmail.com,Zura,Tsiklauri,Male,38,995539359457,"Kazbegi Ave 81, Tbilisi, Georgia",41.725212754854,44.765432431462,Supporter,238,30,18,Bachelor,"Canvassing, Digital"
zura.kapanadze128@gmail.com,Zura,Kapanadze,Female,19,995589517170,"Pekini Ave 103, Tbilisi, Georgia",41.726540208386,44.779077760002,Member,58,4,4,High School,Canvassing
giorgi.kiknadze129@gmail.com,Giorgi,Kiknadze,Male,40,995554518560,"Abashidze St 61, Tbilisi, Georgia",41.708537988003,44.75390113239,Supporter,125,17,9,Master,"Data, Organizing"
ana.mchedlishvili130@gmail.com,Ana,Mchedlishvili,Male,34,995534832341,"Vake Park Area 104, Tbilisi, Georgia",41.70940334958,44.743165467201,Supporter,212,25,14,High School,"Canvassing, Operations"
davit.kiknadze131@gmail.com,Davit,Kiknadze,Other,61,995578056635,"Marjanishvili St 113, Tbilisi, Georgia",41.715260027833,44.800463338626,Supporter,82,9,9,Bachelor,"Canvassing, Data, Fundraising"
salome.mchedlishvili132@gmail.com,Salome,Mchedlishvili,Female,35,995589096779,"Kazbegi Ave 88, Tbilisi, Georgia",41.723432759237,44.764373434274,Supporter,42,8,4,High School,"Data, Logistics, Training"
irakli.kiknadze133@gmail.com,Irakli,Kiknadze,Female,44,995596424237,"Rustaveli Ave 112, Tbilisi, Georgia",41.698937708845,44.800020908692,Member,105,9,11,Master,Fundraising
tako.mchedlishvili134@gmail.com,Tako,Mchedlishvili,Female,45,995518179281,"Marjanishvili St 99, Tbilisi, Georgia",41.714514645857,44.800665388099,Supporter,154,14,9,Master,"Data, Logistics, Operations"
tekla.lomidze135@gmail.com,Tekla,Lomidze,Male,49,995568214251,"Vake Park Area 6, Tbilisi, Georgia",41.707577040337,44.741053242711,Member,156,22,9,Bachelor,Operations
salome.mchedlishvili136@gmail.com,Salome,Mchedlishvili,Male,59,995545503100,"Vake Park Area 75, Tbilisi, Georgia",41.707743568097,44.743701931936,Member,121,12,6,High School,"Data, Logistics, Operations"
davit.ashordia137@gmail.com,Davit,Ashordia,Male,47,995541235646,"Pekini Ave 48, Tbilisi, Georgia",41.727870357512,44.776812591752,Member,114,16,9,High School,"Canvassing, Fundraising, Operations"
zura.mchedlishvili138@gmail.com,Zura,Mchedlishvili,Female,25,995597391652,"Freedom Square 69, Tbilisi, Georgia",41.692809846418,44.801235036266,Supporter,177,25,12,Master,Logistics
davit.kapanadze139@gmail.com,Davit,Kapanadze,Other,63,995534212503,"Pekini Ave 59, Tbilisi, Georgia",41.727445309264,44.777100890048,Supporter,141,15,11,Bachelor,Digital
giorgi.beridze140@gmail.com,Giorgi,Beridze,Male,52,995570923195,"Kazbegi Ave 54, Tbilisi, Georgia",41.724526073676,44.763938812137,Supporter,75,7,6,Bachelor,Canvassing
davit.mchedlishvili141@gmail.com,Davit,Mchedlishvili,Male,22,995562187154,"Guramishvili Ave 19, Tbilisi, Georgia",41.740987990218,44.781684677727,Member,130,20,10,Master,Operations
tekla.lomidze142@gmail.com,Tekla,Lomidze,Female,53,995561975820,"Freedom Square 66, Tbilisi, Georgia",41.693358774446,44.80330332135,Supporter,144,20,14,Bachelor,Operations
luka.gelashvili143@gmail.com,Luka,Gelashvili,Female,40,995545683598,"Guramishvili Ave 64, Tbilisi, Georgia",41.741178879361,44.783843281076,Member,84,13,10,Bachelor,"Operations, Training"
salome.chikovani144@gmail.com,Salome,Chikovani,Female,31,995583559062,"Guramishvili Ave 85, Tbilisi, Georgia",41.740996641043,44.781087182835,Supporter,21,5,1,Master,"Canvassing, Organizing"
nino.lomidze145@gmail.com,Nino,Lomidze,Male,20,995525125999,"Guramishvili Ave 91, Tbilisi, Georgia",41.740653593219,44.782890344016,Supporter,205,19,15,High School,"Data, Fundraising, Organizing"
ana.kiknadze146@gmail.com,Ana,Kiknadze,Female,32,995559581740,"Kazbegi Ave 56, Tbilisi, Georgia",41.726313395052,44.76246972596,Member,67,9,6,Master,"Canvassing, Fundraising"
giorgi.chikovani147@gmail.com,Giorgi,Chikovani,Male,36,995527495226,"Pekini Ave 3, Tbilisi, Georgia",41.726333851303,44.778779784073,Supporter,94,14,4,Bachelor,"Canvassing, Logistics"
giorgi.gelashvili148@gmail.com,Giorgi,Gelashvili,Male,25,995517555511,"Marjanishvili St 109, Tbilisi, Georgia",41.715647230689,44.803352146155,Supporter,87,3,5,Bachelor,"Fundraising, Logistics, Training"
luka.lomidze149@gmail.com,Luka,Lomidze,Female,44,995556294271,"Guramishvili Ave 47, Tbilisi, Georgia",41.74094550454,44.783048324343,Member,59,12,6,Bachelor,"Data, Fundraising"
davit.lomidze150@gmail.com,Davit,Lomidze,Male,42,995589993246,"Marjanishvili St 72, Tbilisi, Georgia",41.716291073363,44.803091268519,Member,107,13,5,Bachelor,"Canvassing, Logistics, Organizing"
mariam.japaridze151@gmail.com,Mariam,Japaridze,Female,41,995537257559,"Freedom Square 26, Tbilisi, Georgia",41.692905529082,44.802287736676,Member,92,6,8,PhD,Digital
zura.tsiklauri152@gmail.com,Zura,Tsiklauri,Male,29,995570590526,"Chavchavadze Ave 65, Tbilisi, Georgia",41.710245170294,44.754302661873,Supporter,155,23,12,High School,"Canvassing, Fundraising, Operations"
irakli.beridze153@gmail.com,Irakli,Beridze,Male,31,995574807980,"Guramishvili Ave 81, Tbilisi, Georgia",41.740371386265,44.78117408171,Supporter,103,14,4,High School,"Canvassing, Fundraising"
ana.mchedlishvili154@gmail.com,Ana,Mchedlishvili,Female,22,995567183397,"Kazbegi Ave 55, Tbilisi, Georgia",41.725991808254,44.76442048158,Member,200,30,13,Bachelor,"Operations, Organizing"
ana.kapanadze155@gmail.com,Ana,Kapanadze,Male,63,995545245363,"Abashidze St 24, Tbilisi, Georgia",41.708041329868,44.756810724418,Member,89,13,6,Master,"Data, Digital"
salome.japaridze156@gmail.com,Salome,Japaridze,Male,28,995573473680,"Agmashenebeli Ave 29, Tbilisi, Georgia",41.721211945942,44.803869295668,Supporter,105,9,5,Bachelor,Training
luka.japaridze157@gmail.com,Luka,Japaridze,Female,35,995521077572,"Pekini Ave 106, Tbilisi, Georgia",41.72748499766,44.777126555227,Member,35,7,3,Bachelor,Canvassing
tako.gelashvili158@gmail.com,Tako,Gelashvili,Male,22,995557518852,"Kazbegi Ave 55, Tbilisi, Georgia",41.724446804123,44.763140003623,Supporter,133,14,7,Master,Data
irakli.gelashvili159@gmail.com,Irakli,Gelashvili,Male,18,995543177734,"Pekini Ave 103, Tbilisi, Georgia",41.727533239953,44.778673064316,Member,63,7,4,Bachelor,"Data, Training"
tako.mchedlishvili160@gmail.com,Tako,Mchedlishvili,Male,38,995544441146,"Abashidze St 82, Tbilisi, Georgia",41.709544379934,44.754111614417,Supporter,154,18,9,Master,"Canvassing, Digital"
luka.kiknadze161@gmail.com,Luka,Kiknadze,Female,19,995593004952,"Freedom Square 26, Tbilisi, Georgia",41.694242084294,44.801419712371,Member,231,30,16,Master,Training
ana.japaridze162@gmail.com,Ana,Japaridze,Male,45,995588746451,"Pekini Ave 93, Tbilisi, Georgia",41.726873531092,44.778313656322,Supporter,152,18,11,Bachelor,"Logistics, Operations, Training"
nino.mchedlishvili163@gmail.com,Nino,Mchedlishvili,Other,24,995571430333,"Freedom Square 85, Tbilisi, Georgia",41.694129781165,44.80086613482,Supporter,188,25,14,High School,"Data, Fundraising, Training"
tekla.kiknadze164@gmail.com,Tekla,Kiknadze,Male,54,995556069674,"Kazbegi Ave 9, Tbilisi, Georgia",41.726212936189,44.764859173082,Member,84,10,6,Bachelor,"Canvassing, Data, Logistics"
mariam.mchedlishvili165@gmail.com,Mariam,Mchedlishvili,Female,57,995568150147,"Vake Park Area 12, Tbilisi, Georgia",41.710266649085,44.743395349903,Supporter,62,9,5,PhD,"Data, Organizing"
salome.tsiklauri166@gmail.com,Salome,Tsiklauri,Male,59,995591994526,"Rustaveli Ave 107, Tbilisi, Georgia",41.700161866985,44.802671573043,Member,113,16,8,High School,Fundraising
tekla.chikovani167@gmail.com,Tekla,Chikovani,Female,30,995517421055,"Chavchavadze Ave 107, Tbilisi, Georgia",41.708445404214,44.754615849574,Member,18,8,1,Master,"Digital, Logistics"
mariam.kiknadze168@gmail.com,Mariam,Kiknadze,Female,26,995520984296,"Abashidze St 9, Tbilisi, Georgia",41.710829941614,44.75489342481,Member,161,21,12,Master,Training
salome.gelashvili169@gmail.com,Salome,Gelashvili,Male,50,995544743671,"Agmashenebeli Ave 88, Tbilisi, Georgia",41.721926755176,44.804752544514,Member,53,1,2,Bachelor,Digital
tako.gelashvili170@gmail.com,Tako,Gelashvili,Female,66,995582010178,"Chavchavadze Ave 67, Tbilisi, Georgia",41.708639923212,44.753449627003,Supporter,104,16,8,Bachelor,"Canvassing, Fundraising, Training"
tekla.ashordia171@gmail.com,Tekla,Ashordia,Other,18,995580862984,"Pekini Ave 50, Tbilisi, Georgia",41.72552665379,44.779029243866,Supporter,141,16,12,Master,"Canvassing, Fundraising"
levan.mchedlishvili172@gmail.com,Levan,Mchedlishvili,Female,42,995523865508,"Kazbegi Ave 19, Tbilisi, Georgia",41.725735705615,44.764172814134,Supporter,219,29,14,PhD,"Canvassing, Organizing"
tekla.beridze173@gmail.com,Tekla,Beridze,Female,27,995556508559,"Rustaveli Ave 54, Tbilisi, Georgia",41.698772501897,44.802570677265,Supporter,196,20,15,High School,Digital
giorgi.beridze174@gmail.com,Giorgi,Beridze,Female,67,995544862805,"Kazbegi Ave 117, Tbilisi, Georgia",41.724143365461,44.765070851406,Member,119,13,8,PhD,"Digital, Organizing"
levan.beridze175@gmail.com,Levan,Beridze,Other,26,995524373632,"Rustaveli Ave 72, Tbilisi, Georgia",41.698973604653,44.799707088448,Supporter,150,20,10,High School,Data
davit.beridze176@gmail.com,Davit,Beridze,Male,27,995547793808,"Abashidze St 5, Tbilisi, Georgia",41.70901665517,44.753720504262,Member,157,19,9,Master,"Data, Fundraising, Logistics"
irakli.chikovani177@gmail.com,Irakli,Chikovani,Male,19,995583040254,"Pekini Ave 10, Tbilisi, Georgia",41.726355117464,44.779010515011,Supporter,24,4,2,Bachelor,"Data, Fundraising, Training"
salome.gelashvili178@gmail.com,Salome,Gelashvili,Male,43,995526779183,"Agmashenebeli Ave 22, Tbilisi, Georgia",41.720555396868,44.805900877502,Supporter,88,7,12,PhD,"Digital, Operations"
luka.ashordia179@gmail.com,Luka,Ashordia,Male,60,995591402594,"Kazbegi Ave 48, Tbilisi, Georgia",41.723037312503,44.763368087355,Supporter,207,26,16,High School,"Canvassing, Operations, Organizing"
ana.tsiklauri180@gmail.com,Ana,Tsiklauri,Female,58,995562210099,"Vake Park Area 52, Tbilisi, Georgia",41.708706399328,44.742235390207,Supporter,16,5,0,Master,Data
tekla.kiknadze181@gmail.com,Tekla,Kiknadze,Female,30,995529895898,"Marjanishvili St 25, Tbilisi, Georgia",41.714070865826,44.802496017573,Supporter,219,29,16,Bachelor,"Canvassing, Operations"
tekla.tsiklauri182@gmail.com,Tekla,Tsiklauri,Male,32,995593228392,"Agmashenebeli Ave 113, Tbilisi, Georgia",41.721435797009,44.805457380077,Member,189,22,11,High School,"Canvassing, Training"
salome.beridze183@gmail.com,Salome,Beridze,Male,41,995530969867,"Pekini Ave 35, Tbilisi, Georgia",41.727718103136,44.7764956166,Member,124,15,11,Bachelor,"Data, Organizing"
levan.kiknadze184@gmail.com,Levan,Kiknadze,Male,19,995550866498,"Abashidze St 120, Tbilisi, Georgia",41.710249579286,44.754071917309,Supporter,85,9,7,PhD,"Canvassing, Digital, Logistics"
mariam.lomidze185@gmail.com,Mariam,Lomidze,Male,67,995591649955,"Vake Park Area 47, Tbilisi, Georgia",41.71004786358,44.742711361927,Supporter,156,18,11,Master,"Logistics, Organizing"
zura.tsiklauri186@gmail.com,Zura,Tsiklauri,Male,52,995529898514,"Agmashenebeli Ave 89, Tbilisi, Georgia",41.721029712818,44.803986055225,Member,80,9,3,Master,"Digital, Operations, Organizing"
davit.kapanadze187@gmail.com,Davit,Kapanadze,Female,50,995516561835,"Agmashenebeli Ave 62, Tbilisi, Georgia",41.72212460349,44.806179199532,Supporter,86,15,5,High School,"Data, Logistics, Operations"
luka.mchedlishvili188@gmail.com,Luka,Mchedlishvili,Male,63,995537475236,"Vake Park Area 108, Tbilisi, Georgia",41.709135235565,44.741188092114,Member,115,13,10,Bachelor,"Canvassing, Logistics"
salome.chikovani189@gmail.com,Salome,Chikovani,Male,19,995563428139,"Guramishvili Ave 14, Tbilisi, Georgia",41.741125197856,44.780699634082,Supporter,64,7,3,Master,"Canvassing, Digital, Fundraising"
tekla.ashordia190@gmail.com,Tekla,Ashordia,Other,50,995556148528,"Pekini Ave 14, Tbilisi, Georgia",41.726181142968,44.779871438342,Supporter,46,11,3,Bachelor,"Data, Operations"
mariam.ashordia191@gmail.com,Mariam,Ashordia,Female,40,995595510179,"Chavchavadze Ave 82, Tbilisi, Georgia",41.708801542645,44.755182135731,Member,87,6,8,Bachelor,"Fundraising, Organizing"
mariam.lomidze192@gmail.com,Mariam,Lomidze,Male,62,995541386634,"Vake Park Area 63, Tbilisi, Georgia",41.710082621967,44.74369399136,Supporter,23,8,3,Bachelor,"Data, Fundraising"
irakli.gelashvili193@gmail.com,Irakli,Gelashvili,Female,45,995550439394,"Chavchavadze Ave 71, Tbilisi, Georgia",41.711564628175,44.75317032826,Supporter,90,5,8,Master,"Data, Fundraising, Logistics"
nino.mchedlishvili194@gmail.com,Nino,Mchedlishvili,Female,33,995567549564,"Vake Park Area 51, Tbilisi, Georgia",41.710329404165,44.74445229157,Member,42,6,2,High School,"Logistics, Organizing"
levan.japaridze195@gmail.com,Levan,Japaridze,Male,64,995559356109,"Kazbegi Ave 85, Tbilisi, Georgia",41.723604007261,44.764738484928,Supporter,94,7,5,High School,"Canvassing, Digital, Operations"
nino.kapanadze196@gmail.com,Nino,Kapanadze,Female,30,995573665231,"Agmashenebeli Ave 86, Tbilisi, Georgia",41.72105475098,44.806641921763,Member,112,13,7,Bachelor,"Canvassing, Digital, Training"
irakli.tsiklauri197@gmail.com,Irakli,Tsiklauri,Male,68,995565582998,"Abashidze St 21, Tbilisi, Georgia",41.710605816167,44.754663808587,Member,123,15,11,Bachelor,"Digital, Fundraising, Training"
ana.tsiklauri198@gmail.com,Ana,Tsiklauri,Female,47,995521152923,"Marjanishvili St 66, Tbilisi, Georgia",41.714917306413,44.801936886698,Supporter,190,26,15,Bachelor,"Data, Fundraising"
luka.japaridze199@gmail.com,Luka,Japaridze,Male,49,995541420721,"Abashidze St 106, Tbilisi, Georgia",41.708351607735,44.755875220274,Member,111,18,8,High School,"Data, Operations"
luka.mchedlishvili200@gmail.com,Luka,Mchedlishvili,Male,35,995562024786,"Freedom Square 3, Tbilisi, Georgia",41.694500446426,44.803452294089,Supporter,182,23,11,High School,Organizing
giorgi.mchedlishvili201@gmail.com,Giorgi,Mchedlishvili,Male,34,995592330449,"Rustaveli Ave 86, Tbilisi, Georgia",41.697716141101,44.801006744139,Supporter,117,19,11,PhD,"Canvassing, Organizing"
nino.kapanadze202@gmail.com,Nino,Kapanadze,Male,38,995556334217,"Pekini Ave 120, Tbilisi, Georgia",41.727540884929,44.776726000908,Supporter,151,20,9,PhD,"Canvassing, Operations, Training"
ana.gelashvili203@gmail.com,Ana,Gelashvili,Male,34,995546055676,"Kazbegi Ave 107, Tbilisi, Georgia",41.723334180758,44.763039517627,Supporter,117,13,12,Bachelor,Training
tako.mchedlishvili204@gmail.com,Tako,Mchedlishvili,Female,21,995580516745,"Guramishvili Ave 89, Tbilisi, Georgia",41.741258377293,44.780648678578,Supporter,83,9,10,Bachelor,"Digital, Training"
giorgi.gelashvili205@gmail.com,Giorgi,Gelashvili,Female,50,995592782084,"Chavchavadze Ave 58, Tbilisi, Georgia",41.711731286911,44.754071685442,Member,145,19,11,Bachelor,Digital
ana.tsiklauri206@gmail.com,Ana,Tsiklauri,Female,36,995563867910,"Marjanishvili St 94, Tbilisi, Georgia",41.717162646358,44.803370175452,Member,163,25,12,Master,"Digital, Logistics"
ana.lomidze207@gmail.com,Ana,Lomidze,Female,27,995541619827,"Guramishvili Ave 28, Tbilisi, Georgia",41.74028003228,44.781921864638,Supporter,131,22,9,Bachelor,Fundraising
irakli.chikovani208@gmail.com,Irakli,Chikovani,Male,25,995582112341,"Rustaveli Ave 62, Tbilisi, Georgia",41.699682485754,44.802667517932,Supporter,81,9,7,Bachelor,"Canvassing, Digital"
ana.gelashvili209@gmail.com,Ana,Gelashvili,Male,20,995561133448,"Marjanishvili St 37, Tbilisi, Georgia",41.715758075662,44.802069768292,Supporter,160,21,11,Bachelor,"Canvassing, Digital"
mariam.lomidze210@gmail.com,Mariam,Lomidze,Other,50,995586446804,"Chavchavadze Ave 30, Tbilisi, Georgia",41.711168904522,44.75303720154,Supporter,108,12,6,Bachelor,"Digital, Logistics, Organizing"
nino.gelashvili211@gmail.com,Nino,Gelashvili,Female,67,995597268390,"Pekini Ave 106, Tbilisi, Georgia",41.726103949187,44.778740498902,Supporter,166,19,11,PhD,Organizing
irakli.kiknadze212@gmail.com,Irakli,Kiknadze,Male,33,995584219000,"Guramishvili Ave 48, Tbilisi, Georgia",41.741791667318,44.78338560853,Supporter,129,16,9,High School,Fundraising
irakli.kiknadze213@gmail.com,Irakli,Kiknadze,Male,18,995573259905,"Guramishvili Ave 88, Tbilisi, Georgia",41.740148083775,44.783333492569,Supporter,39,4,2,Bachelor,"Digital, Fundraising, Training"
zura.kiknadze214@gmail.com,Zura,Kiknadze,Female,26,995516013020,"Kazbegi Ave 17, Tbilisi, Georgia",41.725581517037,44.765384926438,Supporter,101,12,8,Bachelor,"Data, Digital"
levan.kiknadze215@gmail.com,Levan,Kiknadze,Female,44,995560546822,"Chavchavadze Ave 11, Tbilisi, Georgia",41.708535048764,44.753365767267,Member,151,21,16,Bachelor,Operations
irakli.japaridze216@gmail.com,Irakli,Japaridze,Male,55,995528222080,"Abashidze St 48, Tbilisi, Georgia",41.70966197084,44.755109097454,Supporter,209,21,16,Bachelor,Logistics
tekla.mchedlishvili217@gmail.com,Tekla,Mchedlishvili,Male,69,995552644644,"Abashidze St 95, Tbilisi, Georgia",41.709703425538,44.756116135703,Supporter,233,24,15,PhD,"Organizing, Training"
irakli.chikovani218@gmail.com,Irakli,Chikovani,Male,39,995586544448,"Chavchavadze Ave 62, Tbilisi, Georgia",41.710473572609,44.756356910744,Supporter,196,27,15,Master,"Data, Fundraising"
tekla.lomidze219@gmail.com,Tekla,Lomidze,Other,61,995529983780,"Guramishvili Ave 13, Tbilisi, Georgia",41.74151615428,44.782626792804,Member,164,21,13,High School,"Canvassing, Organizing, Training"
levan.kapanadze220@gmail.com,Levan,Kapanadze,Male,44,995543892008,"Vake Park Area 54, Tbilisi, Georgia",41.710495965713,44.742351191738,Supporter,116,20,8,Bachelor,Logistics
levan.beridze221@gmail.com,Levan,Beridze,Male,19,995521880217,"Vake Park Area 105, Tbilisi, Georgia",41.710304302437,44.743381853894,Member,67,8,10,High School,"Digital, Logistics"
tekla.chikovani222@gmail.com,Tekla,Chikovani,Other,60,995524024474,"Vake Park Area 12, Tbilisi, Georgia",41.709768985977,44.74239033613,Member,17,7,1,Master,"Digital, Fundraising"
nino.kapanadze223@gmail.com,Nino,Kapanadze,Male,64,995596094240,"Vake Park Area 30, Tbilisi, Georgia",41.710127155548,44.742283824497,Member,122,9,10,High School,"Data, Operations"
mariam.kiknadze224@gmail.com,Mariam,Kiknadze,Male,41,995535253042,"Vake Park Area 4, Tbilisi, Georgia",41.709683780502,44.742586449238,Member,208,23,18,Master,"Fundraising, Training"
nino.ashordia225@gmail.com,Nino,Ashordia,Male,44,995594238879,"Agmashenebeli Ave 113, Tbilisi, Georgia",41.721254218421,44.804677275058,Member,148,20,14,High School,"Canvassing, Logistics, Training"
giorgi.ashordia226@gmail.com,Giorgi,Ashordia,Female,22,995540885477,"Pekini Ave 120, Tbilisi, Georgia",41.725273318999,44.779488122195,Supporter,206,29,19,Bachelor,"Digital, Organizing"
salome.mchedlishvili227@gmail.com,Salome,Mchedlishvili,Male,20,995571522071,"Agmashenebeli Ave 45, Tbilisi, Georgia",41.722372561171,44.805809053315,Supporter,73,6,7,Bachelor,"Organizing, Training"
davit.ashordia228@gmail.com,Davit,Ashordia,Male,31,995520984580,"Chavchavadze Ave 38, Tbilisi, Georgia",41.708516881924,44.755027892569,Supporter,215,28,18,Bachelor,"Canvassing, Training"
irakli.chikovani229@gmail.com,Irakli,Chikovani,Male,67,995533260821,"Guramishvili Ave 88, Tbilisi, Georgia",41.739799276374,44.780987317319,Member,105,11,6,Master,"Data, Operations, Training"
tako.mchedlishvili230@gmail.com,Tako,Mchedlishvili,Male,44,995540278093,"Freedom Square 13, Tbilisi, Georgia",41.692366193694,44.803294518904,Member,180,21,15,Bachelor,Training
mariam.japaridze231@gmail.com,Mariam,Japaridze,Male,48,995572410323,"Abashidze St 108, Tbilisi, Georgia",41.707866586826,44.753543315523,Supporter,139,21,7,Master,Data
luka.japaridze232@gmail.com,Luka,Japaridze,Other,22,995522716387,"Vake Park Area 88, Tbilisi, Georgia",41.709796322097,44.743609782371,Member,69,7,9,High School,"Canvassing, Digital, Logistics"
giorgi.chikovani233@gmail.com,Giorgi,Chikovani,Male,66,995572331836,"Pekini Ave 119, Tbilisi, Georgia",41.72444411002,44.777093999076,Supporter,28,0,0,High School,Operations
nino.chikovani234@gmail.com,Nino,Chikovani,Female,59,995545024263,"Vake Park Area 90, Tbilisi, Georgia",41.710607055784,44.744333632961,Supporter,77,10,6,Master,Operations
ana.gelashvili235@gmail.com,Ana,Gelashvili,Male,21,995584941647,"Guramishvili Ave 92, Tbilisi, Georgia",41.740939160912,44.780692502791,Supporter,211,28,17,Bachelor,Canvassing
luka.ashordia236@gmail.com,Luka,Ashordia,Male,48,995568766014,"Kazbegi Ave 36, Tbilisi, Georgia",41.725673949282,44.763946389171,Supporter,95,5,5,Bachelor,Operations
salome.lomidze237@gmail.com,Salome,Lomidze,Male,49,995538824637,"Chavchavadze Ave 97, Tbilisi, Georgia",41.709065064435,44.756101168694,Supporter,14,2,0,Master,"Data, Digital, Operations"
ana.kapanadze238@gmail.com,Ana,Kapanadze,Female,60,995526060523,"Rustaveli Ave 100, Tbilisi, Georgia",41.699706012943,44.80209036508,Member,172,23,13,High School,Operations
davit.lomidze239@gmail.com,Davit,Lomidze,Male,34,995582571105,"Freedom Square 80, Tbilisi, Georgia",41.694641594994,44.801553312757,Supporter,62,8,2,High School,"Data, Digital"
mariam.lomidze240@gmail.com,Mariam,Lomidze,Female,66,995530203768,"Rustaveli Ave 109, Tbilisi, Georgia",41.697947435196,44.799273833331,Supporter,80,3,6,Master,"Canvassing, Operations"
giorgi.mchedlishvili241@gmail.com,Giorgi,Mchedlishvili,Male,38,995536489890,"Freedom Square 22, Tbilisi, Georgia",41.692885008746,44.800473975182,Member,103,19,4,Master,"Logistics, Operations, Organizing"
tako.mchedlishvili242@gmail.com,Tako,Mchedlishvili,Female,38,995541884916,"Kazbegi Ave 47, Tbilisi, Georgia",41.723680012816,44.765542193541,Supporter,121,18,6,PhD,"Canvassing, Data"
mariam.mchedlishvili243@gmail.com,Mariam,Mchedlishvili,Female,21,995586671062,"Freedom Square 15, Tbilisi, Georgia",41.693483880204,44.800071743292,Supporter,183,24,13,High School,"Data, Operations, Training"
levan.kapanadze244@gmail.com,Levan,Kapanadze,Male,66,995581768540,"Vake Park Area 98, Tbilisi, Georgia",41.707668759335,44.744347368158,Supporter,16,0,0,PhD,Logistics
zura.chikovani245@gmail.com,Zura,Chikovani,Male,52,995511205391,"Rustaveli Ave 4, Tbilisi, Georgia",41.697681290396,44.800866495368,Supporter,160,24,10,Bachelor,Operations
salome.lomidze246@gmail.com,Salome,Lomidze,Male,31,995511816534,"Guramishvili Ave 93, Tbilisi, Georgia",41.739241358012,44.781737058988,Member,140,20,11,Master,"Data, Fundraising"
tekla.japaridze247@gmail.com,Tekla,Japaridze,Male,47,995579475613,"Agmashenebeli Ave 107, Tbilisi, Georgia",41.721317102455,44.803752382898,Supporter,91,14,9,Master,"Canvassing, Digital"
davit.japaridze248@gmail.com,Davit,Japaridze,Male,46,995596183143,"Marjanishvili St 18, Tbilisi, Georgia",41.714024826838,44.803175694048,Member,137,15,12,High School,Fundraising
mariam.chikovani249@gmail.com,Mariam,Chikovani,Male,57,995548787010,"Freedom Square 31, Tbilisi, Georgia",41.693724229287,44.80120471172,Member,177,20,11,Master,"Data, Training"
tako.beridze250@gmail.com,Tako,Beridze,Female,50,995536380977,"Vake Park Area 10, Tbilisi, Georgia",41.709279136876,44.741791160619,Supporter,91,14,8,Bachelor,"Data, Operations"
levan.lomidze251@gmail.com,Levan,Lomidze,Other,53,995547482233,"Pekini Ave 42, Tbilisi, Georgia",41.727262294499,44.778599105372,Supporter,127,19,12,PhD,"Logistics, Organizing"
zura.gelashvili252@gmail.com,Zura,Gelashvili,Other,50,995553843783,"Vake Park Area 44, Tbilisi, Georgia",41.707590230444,44.742628779057,Member,110,13,8,Master,Data
davit.kapanadze253@gmail.com,Davit,Kapanadze,Male,18,995534093795,"Abashidze St 117, Tbilisi, Georgia",41.710989486197,44.7557078186,Member,118,18,7,Bachelor,Logistics
tako.japaridze254@gmail.com,Tako,Japaridze,Female,19,995532882688,"Rustaveli Ave 89, Tbilisi, Georgia",41.697273775673,44.800111228913,Member,189,21,17,High School,Digital
tako.lomidze255@gmail.com,Tako,Lomidze,Male,26,995557667396,"Abashidze St 89, Tbilisi, Georgia",41.70839498644,44.753956981285,Supporter,61,11,7,High School,"Organizing, Training"
tekla.kiknadze256@gmail.com,Tekla,Kiknadze,Male,66,995572580411,"Vake Park Area 38, Tbilisi, Georgia",41.708655073588,44.744104544884,Supporter,108,15,9,High School,Data
davit.mchedlishvili257@gmail.com,Davit,Mchedlishvili,Female,54,995546062282,"Guramishvili Ave 73, Tbilisi, Georgia",41.73967803324,44.783442017961,Supporter,118,9,12,Bachelor,"Logistics, Operations, Training"
zura.kiknadze258@gmail.com,Zura,Kiknadze,Female,66,995578109872,"Vake Park Area 83, Tbilisi, Georgia",41.70992155692,44.743811781297,Supporter,135,18,10,Bachelor,"Digital, Fundraising, Logistics"
irakli.tsiklauri259@gmail.com,Irakli,Tsiklauri,Male,21,995561242294,"Marjanishvili St 107, Tbilisi, Georgia",41.716738577111,44.803733742694,Supporter,178,17,12,High School,"Canvassing, Data, Training"
davit.kiknadze260@gmail.com,Davit,Kiknadze,Female,37,995558349535,"Freedom Square 120, Tbilisi, Georgia",41.692135432565,44.80121193673,Supporter,100,18,9,Master,Fundraising
zura.ashordia261@gmail.com,Zura,Ashordia,Female,36,995515754558,"Vake Park Area 110, Tbilisi, Georgia",41.709827949291,44.744040548323,Member,62,7,5,High School,Operations
zura.kiknadze262@gmail.com,Zura,Kiknadze,Male,47,995584295830,"Freedom Square 22, Tbilisi, Georgia",41.693100807011,44.800225629517,Member,115,13,8,Master,Training
salome.kiknadze263@gmail.com,Salome,Kiknadze,Male,59,995578996591,"Freedom Square 56, Tbilisi, Georgia",41.692259034277,44.803304803361,Supporter,190,23,15,High School,Canvassing
luka.chikovani264@gmail.com,Luka,Chikovani,Male,65,995584403407,"Guramishvili Ave 37, Tbilisi, Georgia",41.738694949964,44.780802187188,Member,185,23,17,High School,"Fundraising, Operations, Training"
luka.gelashvili265@gmail.com,Luka,Gelashvili,Male,22,995526843508,"Rustaveli Ave 19, Tbilisi, Georgia",41.697834241846,44.800354291152,Member,150,20,8,Bachelor,"Operations, Organizing"
zura.chikovani266@gmail.com,Zura,Chikovani,Male,22,995570929939,"Kazbegi Ave 38, Tbilisi, Georgia",41.725241817352,44.765601476665,Supporter,88,10,9,Master,Fundraising
zura.lomidze267@gmail.com,Zura,Lomidze,Female,18,995523669460,"Freedom Square 38, Tbilisi, Georgia",41.693088478762,44.800093364545,Member,120,16,7,Master,"Fundraising, Operations, Organizing"
tako.tsiklauri268@gmail.com,Tako,Tsiklauri,Female,34,995563512274,"Agmashenebeli Ave 104, Tbilisi, Georgia",41.720554888538,44.806302182757,Supporter,80,12,7,High School,"Data, Digital, Fundraising"
davit.kapanadze269@gmail.com,Davit,Kapanadze,Male,70,995528420166,"Abashidze St 33, Tbilisi, Georgia",41.709761968227,44.757034190679,Member,117,13,10,Bachelor,"Fundraising, Training"
mariam.japaridze270@gmail.com,Mariam,Japaridze,Female,27,995526376279,"Kazbegi Ave 48, Tbilisi, Georgia",41.725694810357,44.762991100571,Supporter,78,13,5,PhD,"Fundraising, Operations"
levan.ashordia271@gmail.com,Levan,Ashordia,Other,50,995576094723,"Marjanishvili St 10, Tbilisi, Georgia",41.715693129917,44.800267866782,Supporter,107,8,10,High School,"Fundraising, Operations, Training"
tekla.kapanadze272@gmail.com,Tekla,Kapanadze,Female,63,995563997244,"Kazbegi Ave 59, Tbilisi, Georgia",41.724513386958,44.762850395252,Supporter,128,14,12,High School,Logistics
salome.chikovani273@gmail.com,Salome,Chikovani,Male,62,995560509662,"Pekini Ave 17, Tbilisi, Georgia",41.727625564676,44.77682481197,Supporter,82,6,6,Bachelor,"Canvassing, Logistics"
tekla.ashordia274@gmail.com,Tekla,Ashordia,Female,42,995576325301,"Vake Park Area 72, Tbilisi, Georgia",41.709675829126,44.741153358287,Member,126,13,12,Bachelor,"Data, Fundraising, Logistics"
irakli.kapanadze275@gmail.com,Irakli,Kapanadze,Male,21,995528631482,"Guramishvili Ave 72, Tbilisi, Georgia",41.741728010532,44.783182681052,Supporter,88,9,7,Master,"Data, Digital, Operations"
ana.kapanadze276@gmail.com,Ana,Kapanadze,Female,63,995577044614,"Rustaveli Ave 37, Tbilisi, Georgia",41.700102896019,44.802731566746,Member,67,7,8,Master,"Data, Digital, Training"
tekla.kapanadze277@gmail.com,Tekla,Kapanadze,Female,61,995552871052,"Rustaveli Ave 69, Tbilisi, Georgia",41.697869435008,44.800977457452,Supporter,90,8,7,Master,"Data, Digital, Operations"
davit.tsiklauri278@gmail.com,Davit,Tsiklauri,Female,30,995591278981,"Vake Park Area 47, Tbilisi, Georgia",41.710250822335,44.744420289726,Supporter,89,8,12,Bachelor,"Data, Fundraising"
mariam.chikovani279@gmail.com,Mariam,Chikovani,Female,21,995597108637,"Rustaveli Ave 29, Tbilisi, Georgia",41.699644719569,44.8001561414,Supporter,103,11,8,High School,Digital
salome.japaridze280@gmail.com,Salome,Japaridze,Male,38,995519317221,"Pekini Ave 13, Tbilisi, Georgia",41.725572738668,44.779661680614,Supporter,60,8,1,Bachelor,"Data, Training"
davit.ashordia281@gmail.com,Davit,Ashordia,Female,59,995558755340,"Abashidze St 90, Tbilisi, Georgia",41.709116353426,44.755734330085,Supporter,121,15,7,Master,Training
tako.kiknadze282@gmail.com,Tako,Kiknadze,Male,43,995552763446,"Rustaveli Ave 49, Tbilisi, Georgia",41.697229061303,44.799797907758,Member,128,16,13,High School,"Canvassing, Data, Training"
nino.tsiklauri283@gmail.com,Nino,Tsiklauri,Male,18,995597438162,"Marjanishvili St 4, Tbilisi, Georgia",41.715184246734,44.802176163925,Member,177,25,14,Bachelor,"Data, Digital, Logistics"
tekla.gelashvili284@gmail.com,Tekla,Gelashvili,Other,33,995549340593,"Marjanishvili St 85, Tbilisi, Georgia",41.717579248775,44.802360053033,Supporter,75,11,4,Master,Canvassing
nino.mchedlishvili285@gmail.com,Nino,Mchedlishvili,Male,27,995541146534,"Abashidze St 21, Tbilisi, Georgia",41.707715906745,44.753781358968,Supporter,87,8,6,Master,"Fundraising, Training"
nino.chikovani286@gmail.com,Nino,Chikovani,Female,65,995512581897,"Pekini Ave 82, Tbilisi, Georgia",41.726808025747,44.777887684101,Supporter,58,4,4,High School,Operations
tekla.ashordia287@gmail.com,Tekla,Ashordia,Male,54,995543632244,"Guramishvili Ave 2, Tbilisi, Georgia",41.739440116428,44.781293693046,Supporter,81,9,6,High School,"Digital, Fundraising"
ana.mchedlishvili288@gmail.com,Ana,Mchedlishvili,Male,43,995582513453,"Chavchavadze Ave 3, Tbilisi, Georgia",41.709955184172,44.755856537413,Member,90,6,5,Bachelor,"Data, Training"
ana.lomidze289@gmail.com,Ana,Lomidze,Male,58,995513724196,"Marjanishvili St 34, Tbilisi, Georgia",41.71736204973,44.802722438106,Supporter,119,13,6,High School,"Logistics, Organizing, Training"
levan.mchedlishvili290@gmail.com,Levan,Mchedlishvili,Male,62,995584275693,"Vake Park Area 32, Tbilisi, Georgia",41.710095833586,44.741944555799,Member,98,15,4,Bachelor,"Digital, Fundraising"
zura.japaridze291@gmail.com,Zura,Japaridze,Male,65,995583912394,"Marjanishvili St 74, Tbilisi, Georgia",41.715356613036,44.801087098131,Member,121,16,6,Bachelor,"Fundraising, Logistics"
nino.kapanadze292@gmail.com,Nino,Kapanadze,Male,20,995540000448,"Marjanishvili St 90, Tbilisi, Georgia",41.71480890986,44.801133518592,Supporter,95,7,6,Master,"Digital, Logistics"
luka.japaridze293@gmail.com,Luka,Japaridze,Female,65,995530558045,"Freedom Square 11, Tbilisi, Georgia",41.694069945401,44.803183119895,Supporter,149,19,13,High School,"Fundraising, Training"
davit.japaridze294@gmail.com,Davit,Japaridze,Other,57,995558238003,"Marjanishvili St 68, Tbilisi, Georgia",41.716704638768,44.802251285159,Supporter,225,29,19,Bachelor,"Digital, Organizing"
davit.gelashvili295@gmail.com,Davit,Gelashvili,Male,27,995571537341,"Vake Park Area 74, Tbilisi, Georgia",41.710676486683,44.743603400171,Supporter,200,24,13,High School,"Operations, Organizing"
mariam.japaridze296@gmail.com,Mariam,Japaridze,Male,44,995515250180,"Freedom Square 4, Tbilisi, Georgia",41.692757794727,44.80105158642,Member,93,14,4,Bachelor,"Fundraising, Logistics"
tekla.chikovani297@gmail.com,Tekla,Chikovani,Male,21,995543610279,"Chavchavadze Ave 102, Tbilisi, Georgia",41.711703098878,44.755954754241,Supporter,149,21,11,Bachelor,"Fundraising, Organizing"
tekla.lomidze298@gmail.com,Tekla,Lomidze,Female,48,995546421059,"Kazbegi Ave 100, Tbilisi, Georgia",41.725576347093,44.762461307466,Supporter,104,14,2,Bachelor,Canvassing
davit.lomidze299@gmail.com,Davit,Lomidze,Male,70,995583572797,"Agmashenebeli Ave 119, Tbilisi, Georgia",41.722891668704,44.803463149102,Supporter,144,21,10,Bachelor,"Data, Organizing, Training"
tako.mchedlishvili300@gmail.com,Tako,Mchedlishvili,Male,29,995526775217,"Agmashenebeli Ave 80, Tbilisi, Georgia",41.72085469207,44.806574226255,Supporter,157,18,9,High School,"Digital, Logistics"
zura.ashordia301@gmail.com,Zura,Ashordia,Male,54,995597871366,"Guramishvili Ave 47, Tbilisi, Georgia",41.73911916834,44.781399450811,Member,159,18,10,High School,"Digital, Training"
irakli.beridze302@gmail.com,Irakli,Beridze,Male,23,995511194386,"Vake Park Area 42, Tbilisi, Georgia",41.707809763963,44.742866004914,Supporter,82,10,9,High School,Organizing
giorgi.kapanadze303@gmail.com,Giorgi,Kapanadze,Male,34,995545157887,"Pekini Ave 40, Tbilisi, Georgia",41.727549013957,44.779012579988,Supporter,167,21,12,Master,"Data, Digital"
salome.kapanadze304@gmail.com,Salome,Kapanadze,Female,29,995575052358,"Abashidze St 66, Tbilisi, Georgia",41.709055756999,44.753552512017,Supporter,136,14,12,Bachelor,"Fundraising, Operations, Training"
davit.gelashvili305@gmail.com,Davit,Gelashvili,Female,68,995517082716,"Pekini Ave 84, Tbilisi, Georgia",41.724809435311,44.776942257049,Supporter,71,7,7,Bachelor,"Operations, Organizing"
tako.tsiklauri306@gmail.com,Tako,Tsiklauri,Male,41,995536970815,"Chavchavadze Ave 22, Tbilisi, Georgia",41.709847159226,44.754374055324,Supporter,4,3,0,High School,"Canvassing, Digital, Operations"
davit.kiknadze307@gmail.com,Davit,Kiknadze,Male,27,995564143588,"Pekini Ave 53, Tbilisi, Georgia",41.726412836319,44.777792401094,Supporter,121,13,9,High School,"Digital, Operations, Training"
ana.mchedlishvili308@gmail.com,Ana,Mchedlishvili,Male,35,995521004137,"Kazbegi Ave 68, Tbilisi, Georgia",41.726389934988,44.765122648657,Supporter,29,0,4,High School,"Canvassing, Organizing"
zura.chikovani309@gmail.com,Zura,Chikovani,Female,48,995540599036,"Abashidze St 45, Tbilisi, Georgia",41.71024142629,44.755452378974,Supporter,181,27,11,Master,Data
davit.beridze310@gmail.com,Davit,Beridze,Male,70,995586585935,"Kazbegi Ave 98, Tbilisi, Georgia",41.726282271266,44.764555679037,Member,249,31,16,Bachelor,"Canvassing, Data, Operations"
ana.japaridze311@gmail.com,Ana,Japaridze,Female,18,995539387023,"Freedom Square 4, Tbilisi, Georgia",41.692010316479,44.800219481479,Supporter,138,17,9,Bachelor,"Logistics, Training"
davit.japaridze312@gmail.com,Davit,Japaridze,Female,38,995512667390,"Freedom Square 31, Tbilisi, Georgia",41.694433115716,44.800779595998,Member,75,9,8,Bachelor,"Canvassing, Digital, Organizing"
mariam.tsiklauri313@gmail.com,Mariam,Tsiklauri,Male,53,995523038240,"Marjanishvili St 73, Tbilisi, Georgia",41.717393988331,44.800703962339,Supporter,189,25,14,High School,Canvassing
nino.japaridze314@gmail.com,Nino,Japaridze,Other,60,995583139690,"Agmashenebeli Ave 48, Tbilisi, Georgia",41.720589130555,44.806204549682,Member,174,20,13,Bachelor,"Canvassing, Fundraising"
salome.japaridze315@gmail.com,Salome,Japaridze,Female,60,995518255866,"Kazbegi Ave 107, Tbilisi, Georgia",41.726433788404,44.765789286057,Member,91,11,8,Master,"Canvassing, Digital, Logistics"
nino.chikovani316@gmail.com,Nino,Chikovani,Female,51,995537128845,"Freedom Square 117, Tbilisi, Georgia",41.692394055626,44.800541268696,Supporter,153,19,12,Master,"Digital, Fundraising, Operations"
zura.kiknadze317@gmail.com,Zura,Kiknadze,Male,20,995527759616,"Chavchavadze Ave 110, Tbilisi, Georgia",41.708753135713,44.754889976199,Member,129,17,13,Bachelor,"Canvassing, Fundraising"
nino.gelashvili318@gmail.com,Nino,Gelashvili,Female,31,995534315470,"Agmashenebeli Ave 92, Tbilisi, Georgia",41.721170054297,44.80458356967,Supporter,179,22,16,Bachelor,"Digital, Operations"
levan.beridze319@gmail.com,Levan,Beridze,Male,19,995598566958,"Abashidze St 33, Tbilisi, Georgia",41.710707816305,44.754759767392,Member,133,15,8,High School,"Canvassing, Fundraising"
tako.kapanadze320@gmail.com,Tako,Kapanadze,Female,43,995546568768,"Kazbegi Ave 111, Tbilisi, Georgia",41.725557763897,44.764528498436,Supporter,101,14,11,High School,"Canvassing, Fundraising, Logistics"
mariam.beridze321@gmail.com,Mariam,Beridze,Male,23,995577880623,"Kazbegi Ave 37, Tbilisi, Georgia",41.724687771153,44.762697573987,Supporter,164,24,11,Master,"Logistics, Training"
tako.chikovani322@gmail.com,Tako,Chikovani,Female,61,995579795839,"Marjanishvili St 25, Tbilisi, Georgia",41.715757508135,44.801580890392,Supporter,72,9,6,Master,"Fundraising, Training"
luka.japaridze323@gmail.com,Luka,Japaridze,Male,27,995553560633,"Marjanishvili St 24, Tbilisi, Georgia",41.716672183658,44.800293123117,Supporter,39,0,2,Master,Canvassing
irakli.japaridze324@gmail.com,Irakli,Japaridze,Female,23,995564582885,"Guramishvili Ave 95, Tbilisi, Georgia",41.740114117748,44.781426708745,Supporter,100,18,4,Master,"Logistics, Organizing"
salome.japaridze325@gmail.com,Salome,Japaridze,Male,56,995572893789,"Pekini Ave 63, Tbilisi, Georgia",41.727217380081,44.77651247779,Supporter,132,18,9,PhD,"Organizing, Training"
levan.japaridze326@gmail.com,Levan,Japaridze,Male,53,995518459053,"Kazbegi Ave 80, Tbilisi, Georgia",41.724900929683,44.762629878592,Supporter,252,33,19,Master,"Data, Logistics"
davit.gelashvili327@gmail.com,Davit,Gelashvili,Male,19,995547610734,"Rustaveli Ave 90, Tbilisi, Georgia",41.700158982721,44.800296147369,Member,201,27,12,Bachelor,"Data, Operations, Organizing"
davit.kapanadze328@gmail.com,Davit,Kapanadze,Female,42,995517607517,"Rustaveli Ave 76, Tbilisi, Georgia",41.700268791449,44.799934767606,Member,183,35,12,Bachelor,Operations
irakli.beridze329@gmail.com,Irakli,Beridze,Female,34,995573957923,"Vake Park Area 13, Tbilisi, Georgia",41.709081713144,44.742786940276,Supporter,187,26,9,Bachelor,"Operations, Organizing"
levan.chikovani330@gmail.com,Levan,Chikovani,Other,27,995529036681,"Rustaveli Ave 56, Tbilisi, Georgia",41.697166127732,44.802337971003,Supporter,124,16,7,Master,"Logistics, Operations"
levan.ashordia331@gmail.com,Levan,Ashordia,Female,54,995579139396,"Kazbegi Ave 120, Tbilisi, Georgia",41.725405937373,44.763902313177,Supporter,69,8,7,Bachelor,"Data, Fundraising"
tako.mchedlishvili332@gmail.com,Tako,Mchedlishvili,Other,28,995587350193,"Vake Park Area 114, Tbilisi, Georgia",41.710574263526,44.74318770919,Supporter,97,15,5,Master,Data
nino.kiknadze333@gmail.com,Nino,Kiknadze,Male,35,995526130992,"Pekini Ave 34, Tbilisi, Georgia",41.727793054149,44.779121294942,Supporter,142,15,6,Master,Digital
zura.kapanadze334@gmail.com,Zura,Kapanadze,Male,29,995522441916,"Agmashenebeli Ave 15, Tbilisi, Georgia",41.722948881058,44.806577844098,Supporter,141,19,5,High School,"Logistics, Training"
giorgi.chikovani335@gmail.com,Giorgi,Chikovani,Male,25,995593855334,"Freedom Square 84, Tbilisi, Georgia",41.694872299459,44.801813328772,Supporter,101,14,6,High School,Logistics
salome.lomidze336@gmail.com,Salome,Lomidze,Female,67,995553091325,"Agmashenebeli Ave 15, Tbilisi, Georgia",41.721063299299,44.805891029624,Supporter,127,17,3,Bachelor,"Digital, Logistics, Organizing"
tekla.chikovani337@gmail.com,Tekla,Chikovani,Female,26,995563612615,"Freedom Square 27, Tbilisi, Georgia",41.693964591958,44.802696485852,Member,39,7,5,Master,Organizing
tekla.mchedlishvili338@gmail.com,Tekla,Mchedlishvili,Male,21,995551277686,"Vake Park Area 32, Tbilisi, Georgia",41.708406804663,44.74209739667,Supporter,102,13,7,Master,"Fundraising, Logistics, Training"
giorgi.chikovani339@gmail.com,Giorgi,Chikovani,Female,48,995511419020,"Rustaveli Ave 10, Tbilisi, Georgia",41.69971036978,44.802017406904,Supporter,45,3,1,Bachelor,"Data, Digital"
luka.chikovani340@gmail.com,Luka,Chikovani,Female,69,995548202628,"Pekini Ave 117, Tbilisi, Georgia",41.726722383836,44.778315848722,Supporter,186,23,16,Bachelor,Data
tako.gelashvili341@gmail.com,Tako,Gelashvili,Male,56,995518635672,"Vake Park Area 36, Tbilisi, Georgia",41.70777057487,44.743982898941,Member,66,8,6,PhD,"Canvassing, Fundraising"
tako.beridze342@gmail.com,Tako,Beridze,Male,26,995555272076,"Guramishvili Ave 8, Tbilisi, Georgia",41.739229764588,44.782943161161,Member,206,27,16,Bachelor,"Canvassing, Operations, Training"
davit.japaridze343@gmail.com,Davit,Japaridze,Female,63,995557098572,"Pekini Ave 49, Tbilisi, Georgia",41.726887398659,44.779377868206,Supporter,133,22,9,Master,"Logistics, Training"
irakli.tsiklauri344@gmail.com,Irakli,Tsiklauri,Male,37,995525325950,"Vake Park Area 120, Tbilisi, Georgia",41.710250783067,44.741321273854,Member,112,10,10,Bachelor,"Data, Fundraising"
nino.japaridze345@gmail.com,Nino,Japaridze,Other,57,995590224532,"Freedom Square 51, Tbilisi, Georgia",41.695195041736,44.80147424572,Supporter,112,14,8,Bachelor,Data
ana.gelashvili346@gmail.com,Ana,Gelashvili,Female,53,995570621887,"Agmashenebeli Ave 101, Tbilisi, Georgia",41.72130529437,44.806634972001,Member,56,5,3,Master,Fundraising
ana.kiknadze347@gmail.com,Ana,Kiknadze,Female,39,995562452788,"Rustaveli Ave 35, Tbilisi, Georgia",41.699113474791,44.802621112483,Member,122,17,8,High School,"Data, Logistics, Training"
levan.lomidze348@gmail.com,Levan,Lomidze,Female,50,995551575904,"Pekini Ave 92, Tbilisi, Georgia",41.726908133524,44.778703070833,Supporter,174,16,11,Bachelor,"Fundraising, Training"
ana.ashordia349@gmail.com,Ana,Ashordia,Male,20,995588380984,"Chavchavadze Ave 40, Tbilisi, Georgia",41.710683000532,44.755871763017,Member,100,15,8,PhD,"Canvassing, Organizing"
tekla.japaridze350@gmail.com,Tekla,Japaridze,Female,41,995567694908,"Chavchavadze Ave 95, Tbilisi, Georgia",41.709299400598,44.755009824165,Member,59,7,0,Master,"Data, Fundraising, Logistics"
tekla.ashordia351@gmail.com,Tekla,Ashordia,Male,70,995577026318,"Rustaveli Ave 29, Tbilisi, Georgia",41.698746259063,44.801415816329,Supporter,161,18,15,Bachelor,"Logistics, Organizing"
giorgi.chikovani352@gmail.com,Giorgi,Chikovani,Other,57,995546872127,"Chavchavadze Ave 14, Tbilisi, Georgia",41.710179734874,44.754003903231,Supporter,78,7,8,Master,Logistics
luka.mchedlishvili353@gmail.com,Luka,Mchedlishvili,Female,53,995570113923,"Marjanishvili St 45, Tbilisi, Georgia",41.71655585322,44.802122866947,Member,166,21,11,Bachelor,Logistics
mariam.ashordia354@gmail.com,Mariam,Ashordia,Female,29,995519538639,"Agmashenebeli Ave 81, Tbilisi, Georgia",41.720099928284,44.806699629179,Supporter,152,19,12,High School,Organizing
davit.chikovani355@gmail.com,Davit,Chikovani,Male,38,995593616649,"Vake Park Area 86, Tbilisi, Georgia",41.707184976029,44.741892461271,Member,107,9,10,PhD,"Logistics, Organizing"
tako.chikovani356@gmail.com,Tako,Chikovani,Female,45,995563895486,"Freedom Square 94, Tbilisi, Georgia",41.693601828951,44.801470003408,Supporter,240,33,20,Bachelor,"Fundraising, Training"
mariam.tsiklauri357@gmail.com,Mariam,Tsiklauri,Female,18,995560630896,"Pekini Ave 41, Tbilisi, Georgia",41.727125668515,44.77948402461,Member,199,27,18,High School,"Fundraising, Organizing, Training"
giorgi.kiknadze358@gmail.com,Giorgi,Kiknadze,Female,43,995514670360,"Agmashenebeli Ave 9, Tbilisi, Georgia",41.72182757879,44.804792002852,Supporter,121,17,6,Bachelor,"Logistics, Operations"
irakli.beridze359@gmail.com,Irakli,Beridze,Female,46,995524542923,"Agmashenebeli Ave 3, Tbilisi, Georgia",41.721425039504,44.803968467677,Supporter,229,23,13,Bachelor,"Digital, Organizing"
luka.lomidze360@gmail.com,Luka,Lomidze,Male,54,995586617269,"Guramishvili Ave 101, Tbilisi, Georgia",41.738833840834,44.781017332411,Supporter,65,12,3,Master,"Data, Fundraising"
davit.tsiklauri361@gmail.com,Davit,Tsiklauri,Female,48,995559876923,"Chavchavadze Ave 58, Tbilisi, Georgia",41.708275534763,44.75372917036,Member,45,4,3,High School,"Canvassing, Digital, Training"
levan.tsiklauri362@gmail.com,Levan,Tsiklauri,Female,43,995593685764,"Rustaveli Ave 120, Tbilisi, Georgia",41.698584566111,44.802647913777,Member,80,9,6,PhD,"Data, Digital, Fundraising"
davit.ashordia363@gmail.com,Davit,Ashordia,Female,30,995510468796,"Agmashenebeli Ave 39, Tbilisi, Georgia",41.720966962862,44.806679175322,Supporter,88,15,7,Bachelor,Fundraising
ana.japaridze364@gmail.com,Ana,Japaridze,Female,54,995587671949,"Pekini Ave 104, Tbilisi, Georgia",41.727622476403,44.778297782934,Supporter,99,9,7,PhD,Data
mariam.chikovani365@gmail.com,Mariam,Chikovani,Other,57,995565897588,"Guramishvili Ave 30, Tbilisi, Georgia",41.739836716874,44.781103163334,Supporter,184,17,17,Master,"Digital, Training"
tako.ashordia366@gmail.com,Tako,Ashordia,Female,50,995556241841,"Rustaveli Ave 115, Tbilisi, Georgia",41.696947522285,44.800474465534,Supporter,52,10,6,High School,"Operations, Training"
irakli.lomidze367@gmail.com,Irakli,Lomidze,Male,55,995597017573,"Abashidze St 70, Tbilisi, Georgia",41.708664688621,44.755186166458,Supporter,88,13,6,PhD,"Fundraising, Organizing, Training"
ana.tsiklauri368@gmail.com,Ana,Tsiklauri,Male,49,995568497570,"Kazbegi Ave 113, Tbilisi, Georgia",41.724135024062,44.763043803795,Supporter,117,15,11,Master,"Canvassing, Data, Logistics"
irakli.ashordia369@gmail.com,Irakli,Ashordia,Male,27,995590576997,"Guramishvili Ave 96, Tbilisi, Georgia",41.740224903048,44.783427022196,Supporter,190,25,14,Master,"Fundraising, Logistics"
tako.kiknadze370@gmail.com,Tako,Kiknadze,Female,51,995583267106,"Marjanishvili St 70, Tbilisi, Georgia",41.715866076066,44.80280233315,Member,202,27,17,High School,Fundraising
giorgi.japaridze371@gmail.com,Giorgi,Japaridze,Male,37,995510545821,"Kazbegi Ave 45, Tbilisi, Georgia",41.723575477112,44.76574764557,Supporter,151,19,10,Master,"Organizing, Training"
levan.kiknadze372@gmail.com,Levan,Kiknadze,Male,62,995558141958,"Freedom Square 37, Tbilisi, Georgia",41.692286666937,44.803200796508,Member,149,18,11,High School,"Data, Logistics"
levan.kapanadze373@gmail.com,Levan,Kapanadze,Male,51,995589933472,"Marjanishvili St 101, Tbilisi, Georgia",41.716016725123,44.800644704131,Supporter,109,11,5,High School,"Canvassing, Digital, Operations"
luka.kiknadze374@gmail.com,Luka,Kiknadze,Female,41,995523819144,"Chavchavadze Ave 80, Tbilisi, Georgia",41.711220447925,44.754389038704,Member,45,10,0,Master,"Canvassing, Organizing"
tekla.lomidze375@gmail.com,Tekla,Lomidze,Female,24,995530408727,"Kazbegi Ave 94, Tbilisi, Georgia",41.725847987614,44.762396296024,Supporter,127,18,13,Bachelor,Fundraising
salome.lomidze376@gmail.com,Salome,Lomidze,Male,35,995562129480,"Abashidze St 11, Tbilisi, Georgia",41.710872129151,44.754718861099,Supporter,121,19,11,PhD,"Fundraising, Operations"
giorgi.kapanadze377@gmail.com,Giorgi,Kapanadze,Other,40,995524422034,"Vake Park Area 64, Tbilisi, Georgia",41.710509268289,44.744197186434,Supporter,225,28,20,High School,"Digital, Operations, Training"
davit.beridze378@gmail.com,Davit,Beridze,Female,18,995540882624,"Agmashenebeli Ave 12, Tbilisi, Georgia",41.721408258502,44.804900268711,Supporter,141,13,13,Master,"Digital, Logistics, Training"
zura.lomidze379@gmail.com,Zura,Lomidze,Other,56,995556866668,"Kazbegi Ave 56, Tbilisi, Georgia",41.724677954848,44.763095798865,Supporter,133,20,7,Bachelor,"Digital, Training"
davit.mchedlishvili380@gmail.com,Davit,Mchedlishvili,Female,35,995545132285,"Chavchavadze Ave 119, Tbilisi, Georgia",41.711560421613,44.7556361352,Member,11,0,1,High School,"Canvassing, Digital, Fundraising"
levan.chikovani381@gmail.com,Levan,Chikovani,Other,42,995554181227,"Agmashenebeli Ave 28, Tbilisi, Georgia",41.721474284564,44.805042569116,Member,174,21,13,PhD,"Canvassing, Data, Fundraising"
luka.kiknadze382@gmail.com,Luka,Kiknadze,Female,68,995563973663,"Rustaveli Ave 120, Tbilisi, Georgia",41.700087642696,44.802651288066,Member,201,29,15,Master,"Data, Logistics"
mariam.lomidze383@gmail.com,Mariam,Lomidze,Male,30,995589781542,"Vake Park Area 64, Tbilisi, Georgia",41.709292715792,44.744431701013,Supporter,17,4,4,PhD,Organizing
tekla.gelashvili384@gmail.com,Tekla,Gelashvili,Female,30,995555271164,"Marjanishvili St 81, Tbilisi, Georgia",41.716425782116,44.803369729828,Member,88,13,7,Bachelor,"Fundraising, Logistics, Training"
ana.kapanadze385@gmail.com,Ana,Kapanadze,Male,21,995575318193,"Agmashenebeli Ave 103, Tbilisi, Georgia",41.719998204165,44.804866934277,Supporter,177,17,14,High School,"Canvassing, Digital"
davit.japaridze386@gmail.com,Davit,Japaridze,Female,36,995574136643,"Rustaveli Ave 112, Tbilisi, Georgia",41.69968260004,44.800038784105,Member,212,27,17,PhD,Training
zura.japaridze387@gmail.com,Zura,Japaridze,Female,66,995578287775,"Pekini Ave 117, Tbilisi, Georgia",41.72711899054,44.779300953606,Member,139,18,10,Master,Digital
ana.japaridze388@gmail.com,Ana,Japaridze,Female,35,995570798287,"Guramishvili Ave 32, Tbilisi, Georgia",41.741805811945,44.781218694279,Member,96,11,11,Bachelor,"Canvassing, Training"
luka.gelashvili389@gmail.com,Luka,Gelashvili,Male,24,995586387954,"Rustaveli Ave 94, Tbilisi, Georgia",41.69921748085,44.800936760636,Member,99,14,7,Bachelor,"Digital, Fundraising"
tako.kiknadze390@gmail.com,Tako,Kiknadze,Other,49,995536622422,"Agmashenebeli Ave 88, Tbilisi, Georgia",41.721936676895,44.805953262886,Supporter,121,15,12,Master,"Logistics, Operations"
tekla.ashordia391@gmail.com,Tekla,Ashordia,Male,61,995593996820,"Kazbegi Ave 29, Tbilisi, Georgia",41.723683008717,44.762882406932,Supporter,102,9,4,Master,"Digital, Fundraising, Training"
mariam.tsiklauri392@gmail.com,Mariam,Tsiklauri,Male,20,995585892878,"Freedom Square 9, Tbilisi, Georgia",41.691952517482,44.80341972993,Member,100,13,10,Bachelor,"Digital, Fundraising"
mariam.chikovani393@gmail.com,Mariam,Chikovani,Female,51,995541491311,"Freedom Square 65, Tbilisi, Georgia",41.692132554156,44.800237062201,Member,43,11,2,Bachelor,"Canvassing, Digital"
levan.gelashvili394@gmail.com,Levan,Gelashvili,Male,58,995551022721,"Kazbegi Ave 24, Tbilisi, Georgia",41.72300930227,44.762690168594,Member,105,18,10,High School,Organizing
tekla.gelashvili395@gmail.com,Tekla,Gelashvili,Male,47,995535933886,"Abashidze St 100, Tbilisi, Georgia",41.710210788415,44.756929662324,Member,212,29,16,Bachelor,"Digital, Operations"
levan.chikovani396@gmail.com,Levan,Chikovani,Male,35,995563434130,"Marjanishvili St 105, Tbilisi, Georgia",41.71423082366,44.803432786865,Supporter,83,17,8,Master,"Canvassing, Digital, Fundraising"
giorgi.kapanadze397@gmail.com,Giorgi,Kapanadze,Female,53,995558191806,"Freedom Square 118, Tbilisi, Georgia",41.692735198165,44.800609846546,Supporter,69,7,3,Bachelor,"Operations, Training"
irakli.beridze398@gmail.com,Irakli,Beridze,Male,24,995592613536,"Abashidze St 67, Tbilisi, Georgia",41.710312326192,44.755239161639,Supporter,81,7,7,Master,"Canvassing, Organizing"
davit.beridze399@gmail.com,Davit,Beridze,Male,65,995548651506,"Chavchavadze Ave 11, Tbilisi, Georgia",41.708252258955,44.75397712413,Member,256,33,15,Master,Organizing
tekla.ashordia400@gmail.com,Tekla,Ashordia,Male,48,995553412914,"Chavchavadze Ave 31, Tbilisi, Georgia",41.710059317894,44.753203356067,Supporter,77,5,5,Master,Canvassing
nino.tsiklauri401@gmail.com,Nino,Tsiklauri,Male,68,995587617397,"Abashidze St 3, Tbilisi, Georgia",41.709785837646,44.75595265725,Member,104,10,6,High School,"Canvassing, Fundraising"
irakli.gelashvili402@gmail.com,Irakli,Gelashvili,Male,53,995580655535,"Abashidze St 49, Tbilisi, Georgia",41.71057258776,44.755410747519,Member,56,9,4,Bachelor,"Canvassing, Operations, Training"
giorgi.chikovani403@gmail.com,Giorgi,Chikovani,Male,30,995558574021,"Kazbegi Ave 4, Tbilisi, Georgia",41.726421948011,44.762583336999,Member,148,20,13,High School,Operations
ana.chikovani404@gmail.com,Ana,Chikovani,Female,33,995598308607,"Abashidze St 61, Tbilisi, Georgia",41.710482172869,44.755333375627,Member,139,21,8,Master,Training
irakli.tsiklauri405@gmail.com,Irakli,Tsiklauri,Male,51,995545177540,"Marjanishvili St 83, Tbilisi, Georgia",41.716522227778,44.80230387927,Supporter,77,6,6,Bachelor,"Data, Fundraising"
luka.japaridze406@gmail.com,Luka,Japaridze,Male,42,995591567372,"Abashidze St 15, Tbilisi, Georgia",41.710045040761,44.753601969427,Supporter,105,14,5,High School,"Digital, Logistics, Organizing"
levan.mchedlishvili407@gmail.com,Levan,Mchedlishvili,Female,70,995563555251,"Rustaveli Ave 72, Tbilisi, Georgia",41.69957675793,44.801485056621,Supporter,144,15,10,PhD,"Digital, Logistics, Training"
zura.mchedlishvili408@gmail.com,Zura,Mchedlishvili,Male,63,995595636499,"Marjanishvili St 86, Tbilisi, Georgia",41.716449358087,44.800624065364,Member,8,0,0,Master,"Logistics, Operations"
tekla.chikovani409@gmail.com,Tekla,Chikovani,Female,58,995523424917,"Agmashenebeli Ave 39, Tbilisi, Georgia",41.722737661564,44.805145389885,Member,206,25,12,Bachelor,"Logistics, Operations, Organizing"
levan.lomidze410@gmail.com,Levan,Lomidze,Male,43,995517286494,"Abashidze St 107, Tbilisi, Georgia",41.709509488707,44.755104660451,Supporter,88,14,9,PhD,"Logistics, Operations, Organizing"
irakli.kapanadze411@gmail.com,Irakli,Kapanadze,Male,29,995560204035,"Marjanishvili St 46, Tbilisi, Georgia",41.715509158719,44.803112428781,Supporter,123,13,10,High School,Logistics
nino.tsiklauri412@gmail.com,Nino,Tsiklauri,Male,59,995551765768,"Guramishvili Ave 75, Tbilisi, Georgia",41.741928604538,44.782591145415,Supporter,130,19,9,Master,"Digital, Operations, Organizing"
giorgi.gelashvili413@gmail.com,Giorgi,Gelashvili,Female,26,995546387540,"Vake Park Area 36, Tbilisi, Georgia",41.709872455455,44.744093180935,Member,138,17,11,Master,Logistics
tako.ashordia414@gmail.com,Tako,Ashordia,Female,64,995597919235,"Kazbegi Ave 113, Tbilisi, Georgia",41.72406875916,44.76327027699,Supporter,167,21,17,Master,"Logistics, Organizing, Training"
salome.kapanadze415@gmail.com,Salome,Kapanadze,Male,45,995524365758,"Agmashenebeli Ave 117, Tbilisi, Georgia",41.722876143202,44.806571870364,Supporter,60,10,3,High School,"Canvassing, Logistics, Operations"
giorgi.lomidze416@gmail.com,Giorgi,Lomidze,Male,51,995567714273,"Pekini Ave 38, Tbilisi, Georgia",41.726123130376,44.777989431246,Supporter,85,14,4,Bachelor,"Digital, Operations"
salome.gelashvili417@gmail.com,Salome,Gelashvili,Female,56,995526803978,"Pekini Ave 15, Tbilisi, Georgia",41.725488633316,44.777990631298,Supporter,101,11,6,Bachelor,"Digital, Training"
mariam.kapanadze418@gmail.com,Mariam,Kapanadze,Male,67,995569729020,"Agmashenebeli Ave 20, Tbilisi, Georgia",41.721142760661,44.806250970433,Supporter,62,3,1,High School,Digital
tako.chikovani419@gmail.com,Tako,Chikovani,Male,26,995535836639,"Rustaveli Ave 62, Tbilisi, Georgia",41.700151687363,44.800081050571,Supporter,247,33,15,Bachelor,"Digital, Training"
